"DJ","AirDate","Artist","Title"
"DF",2022-09-25,"Mark Stewart Vs Front 242","Rage Of Angels"
"DF",2017-01-29,"Consolidated Plastics","Atm Paranoia"
"DF",2024-04-14,"Pissed Jeans","Junktime"
"DF",2018-05-27,"Solar Schematics","Orbital Survailance Pod"
"DF",2023-01-02,"Bunker","Robots"
"DF",2017-08-17,"Last Few Days","If The Bonds Are Not To Burst"
"DF",2017-07-23,"Alvarius B.","Cooking With Satan"
"DF",2016-01-10,"Jake Meginsky","Rabbit Devours The Lunar Mouth"
"DF",2021-05-21,"Cube","Moderator"
"DF",2019-05-03,"King Blood","Second Ending 3"
"DF",2024-04-14,"Bumbites","Assumptions"
"DF",2024-08-25,"Schimpfluch-Gruppe","Fest Ausklang"
"DF",2017-07-23,"Autist Loser & SierÅÄ","Life Is Expected To Be Desired"
"DF",2016-08-26,"Blech Trommell","Falling Angel"
"DF",2016-11-22,"The Adverts","Drowning Men"
"DF",2024-04-14,"T.m.a.-1","Ride The Range"
"DF",2019-05-03,"Genetic Factor","Action Spot"
"DF",2022-09-25,"Newtown Neurotics","The Mess"
"DF",2017-01-29,"Consolidated Plastics","Buy My ProductFree Shipping Suite"
"DF",2021-05-21,"Precision Bearings","Dont Fall Down"
"DF",2024-08-25,"Age Of Self","In The Soup"
"DF",2016-07-17,"Running","Reclaimed Would"
"DF",2025-02-17,"Zanti Misfitz","Laugh In"
"DF",2017-07-16,"Sir Robert Orange Peel","Fifty 45s"
"DF",2022-06-29,"Negative Reaction","The Hollow Men"
"DF",2016-06-20,"Von Lmo","Flying Saucer 88"
"DF",2016-07-05,"The Sickness","Corpsemonger"
"DF",2016-08-26,"Le Calvaire Du Samedi","Mordue Par Un Oeuf"
"DF",2019-09-16,"Lack Of Knowledge","Sentinel"
"DF",2016-05-30,"Violent Students","Very Hot Awfully Wet"
"DF",2017-03-26,"Fly Ashtray","Coefficient Of Haze"
"DF",2016-05-30,"Crass","Yes Sir I Will"
"DF",2019-05-03,"Gunnar Haslam","Anekantavada"
"DF",2023-01-02,"Ddaa","Ronsard Did Celebrate Me"
"DF",2016-07-05,"Versatile Newts","Blimp"
"DF",2023-08-07,"Hunllef","Cabriolet"
"DF",2016-09-11,"A4","Side A"
"DF",2017-08-17,"S/Z","Old Black Russian"
"DF",2015-12-30,"Fanny Kaplan","Krasnotelie Lesa"
"DF",2016-09-11,"The Dedikation","Greenburg Glickstein Charles David Smith Jones"
"DF",2025-11-28,"Clear Thing","Back In The Boat"
"DF",2025-02-17,"Sun City Girls","Amphitheater Of Pause Avoid The Hyenas"
"DF",2016-01-10,"The Lavender Flu","Fingers Like Wounds"
"DF",2017-07-23,"The Managing Directors","Wimp Song"
"DF",2025-02-17,"Zuli","Robotic Handshakes In 4d"
"DF",2018-05-27,"Drew Daniel & John Wiese","OBV"
"DF",2016-07-05,"Dj Overdose","Heros Gone Mental"
"DF",2018-01-05,"Airmail","No Human Feeling"
"DF",2017-08-17,"Dok-U-Ment","Electronic Bithrights Explode"
"DF",2018-01-05,"Boots For Dancing","Parachute Guitars Girl Trouble"
"DF",2025-02-17,"Small Cruel Party","Ant Door"
"DF",2016-11-22,"The Roadrunners","Lsd"
"DF",2025-02-17,"The Third Power","Lost In A Daydream"
"DF",2019-05-03,"Tropical Trash","Leather Charm"
"DF",2016-06-14,"Here And Now","Addicted"
"DF",2016-11-22,"Data-Bank-A","Once"
"DF",2017-03-26,"Toerag","Vitamin E"
"DF",2017-03-26,"Enrique/S. English","Ribbed Ramp"
"DF",2016-07-05,"Negativland","1112"
"DF",2019-05-03,"Negative Gears","2020 Vision"
"DF",2019-05-03,"S.m. Nurse","How Does It Feel"
"DF",2016-11-22,"Paolo Tecon","DisMoi Pourqoui"
"DF",2024-08-25,"Naomie Klaus","I Gonna Be 40"
"DF",2017-01-29,"Mysteries Of Love","Eternal Love"
"DF",2016-09-11,"X-Cells","Freedom Man"
"DF",2016-08-29,"Executive Slacks","30 Years"
"DF",2017-07-23,"Genocide Organ","RMA Commandos"
"DF",2017-01-29,"Consolidated Plastics","Am I Still In Love"
"DF",2017-07-16,"Ace Kefford Stand","Gravy Booby Jam"
"DF",2018-01-05,"Guilty Razors","Provocate"
"DF",2016-08-26,"The Johnnies","And You"
"DF",2025-02-17,"Zaliva-D","Coast To Coast"
"DF",2015-12-30,"Spelling Missteaks","Mirrors"
"DF",2017-01-29,"Sparrow Steeple","Mantis"
"DF",2017-07-02,"Exek","A Hedonist"
"DF",2018-01-05,"Leprechaun Catering","Estoy En La Derecha Estoy En Espacio"
"DF",2017-07-02,"Carla Sagan","Make Believer"
"DF",2016-08-29,"Chen Yi","Rug"
"DF",2024-04-14,"The Freshies","My Tapes Gone"
"DF",2017-07-02,"Radio Club","Wheels Within Wheels"
"DF",2025-11-28,"Annie Achron","Glass Bells"
"DF",2016-08-26,"Laibach","Sredi Bojev"
"DF",2018-05-27,"FITH","Signs"
"DF",2016-08-29,"Urbain Autopsy","To The Garden"
"DF",2019-09-16,"Peter Jefferies","Cyclone Dawn"
"DF",2016-06-20,"Angus Maclise","Smothered Under Astral Collapse"
"DF",2016-06-14,"The Gynaecologists","The Red Pullover"
"DF",2018-01-05,"The Cowboy","Everyday We Grow"
"DF",2017-04-17,"Prutsers","Love Is The Drug"
"DF",2021-05-21,"Patois Counselors","RealitiesSeries Of Viceroys"
"DF",2023-08-07,"Barb Wire","Barb Wire Anthem"
"DF",2016-07-05,"House Band","After Work"
"DF",2017-01-29,"Brothers Gorgonzola","High In The Saddle"
"DF",2016-01-10,"Leslie Keffer","Foraged"
"DF",2016-08-26,"Mannamaschine","Step By Step"
"DF",2025-11-28,"Callahan & Witscher","The Value Of Music"
"DF",2016-07-17,"Bunker","Punk Rocker"
"DF",2016-01-10,"Radio Honolulu","Danza Enorme"
"DF",2016-01-10,"Liberez","How Much For Your Brother"
"DF",2018-05-27,"Megaptera","Shadow Land"
"DF",2016-08-29,"Slight Seconds","Puppet On A String"
"DF",2025-11-28,"Cestrian","Secret Language"
"DF",2025-11-28,"Subdued","Death Or Lies"
"DF",2017-07-23,"D.K.","Well Like"
"DF",2019-05-03,"Cyclobe","Teen Angel No9"
"DF",2019-01-27,"Nkdx","Rnb Fridays"
"DF",2016-07-05,"Red Zebra","I Cant Live In A Living Room"
"DF",2024-04-14,"Yally","Sudo"
"DF",2019-05-03,"Chen Yi","Hail"
"DF",2016-11-22,"Practic","Gone Unnoticed"
"DF",2017-04-17,"Bolero","Hotel Holland"
"DF",2017-07-16,"Sacramentu","Luce Morte II"
"DF",2019-01-27,"Fine Jewelers","Unreasonable Rider"
"DF",2016-06-20,"Real Regular","Get Rready"
"DF",2016-07-17,"No Trend","Without Me"
"DF",2016-07-17,"F:a.r. Prosthesis","Rainbow Suite"
"DF",2017-01-29,"Massimo Giacon, Enrico Piva","Nastro Rosso"
"DF",2018-01-05,"Giant Swan","Celebrate The Last 30 Years Of The Human Ego"
"DF",2025-02-17,"The Jesus Lizard","Lord Godiva"
"DF",2016-07-17,"John Bender","43A1 Nervous"
"DF",2024-08-25,"Party Boys","The Window"
"DF",2023-08-07,"Falcon","Stay On Your Side Of The Line"
"DF",2019-05-03,"Buffet Lunch","Do You Like My Trousers"
"DF",2017-07-16,"Vovo Kai","Two Lives One step"
"DF",2017-07-02,"Ramleh","Grazing On Fear 2"
"DF",2021-05-21,"Spiritual Mafia","Lunch"
"DF",2016-08-26,"The Need","Let Them Eat Valium"
"DF",2024-08-25,"The Lloyd Pack","I Just Want To Say Wow"
"DF",2016-07-17,"Kriminal Tanzkapelle","Verena"
"DF",2017-07-02,"C. Mcalister","Existentialitis Overload"
"DF",2025-11-28,"Wartburgs fÃ¼r Walter","More More Anymore"
"DF",2022-06-29,"Spinvis","Birds"
"DF",2022-06-29,"Bruce Gilbert/Graham Lewis/Russell Mills","Mzui"
"DF",2017-07-02,"Fetus Productions","Anthem"
"DF",2023-08-07,"Hypnotizing Chickens","Im On Time"
"DF",2015-12-30,"Motörhead","Emergency"
"DF",2017-08-17,"Jamie And The Debt","Mother"
"DF",2017-07-23,"Taiwan Housing Project","Veblen Death Mask"
"DF",2017-03-26,"The Homosexuals","Do The Total Drop"
"DF",2015-12-30,"Shit & Shine","Fitness"
"DF",2022-06-29,"John Lafia","West Montgomery Park"
"DF",2019-09-16,"Taiwan Housing Project","Wilderness Doll"
"DF",2016-08-29,"Regler","Thrash Metal"
"DF",2023-01-02,"Catastrophe Bizarre","Furniture"
"DF",2016-08-29,"Gad Whip","Abbey Lincoln MixMax"
"DF",2017-07-23,"Powell","Mad Love feat Loke Rahbek"
"DF",2017-01-29,"Consolidated Plastics","Honey"
"DF",2020-01-06,"C.i.a. Debutante","The Band That Got Away"
"DF",2015-12-30,"Vapor Gourds","Io"
"DF",2017-04-17,"Duo Kribo","Rumah Hantu"
"DF",2016-01-10,"Carter Tutti Void","26"
"DF",2017-01-29,"Mark Feehan","Project Fall Weiss"
"DF",2017-07-02,"Heat Wilson","Hold This Hot Thing"
"DF",2017-04-17,"Schatten Unter Eis","We Might As Well Be Dead"
"DF",2017-03-26,"Margaret Freeman","Das Ist Schwingen"
"DF",2022-09-25,"Cube","Commercial For Nicotine"
"DF",2017-01-29,"Perverts In White Shirts","Power To The Sheeple"
"DF",2016-01-10,"Catalogue","Absolution"
"DF",2016-05-30,"Sarcastic Orgasm","SoapOpera Hallucinations"
"DF",2016-09-11,"Alienation","Not Fine"
"DF",2017-04-17,"G.e.n.","Czas"
"DF",2023-08-07,"Ed Sirrs","Santa Claus Has Died"
"DF",2022-06-29,"Prison Religion","Banshee Pale Fire Landing"
"DF",2023-08-07,"Spike In Vain","Escape From The Zoo"
"DF",2017-08-17,"A Witness","I Love You Mr Disposable Razors"
"DF",2016-08-29,"Reality Control","Man"
"DF",2016-08-26,"David Nance","Fully Automatic"
"DF",2016-07-17,"Clara Clamp","September"
"DF",2022-09-25,"Maximum Ernst","Nothing Escapes The Tape"
"DF",2021-05-21,"Rudimentary Peni","Anthem For Doomed Youth Path Of Glory"
"DF",2017-07-16,"Shit and Shine","Stop Saying Awesome"
"DF",2016-11-22,"No Balls","Time And Pressure"
"DF",2019-01-27,"Faux Depart","Le Voisin"
"DF",2016-08-29,"Die Krupps","Stahlwerksinfonie Live"
"DF",2015-12-30,"The Horrible Nerds","Pope Paul Is Dead"
"DF",2016-05-30,"Feed The Dragon","Bromide Romance"
"DF",2023-11-24,"Beat Detectives","Merindas"
"DF",2016-06-14,"David Kenneth Nance","In Her Kingdom"
"DF",2016-05-30,"Ultra","Clusterfuck Ii"
"DF",2017-07-23,"The Cravats","Rub Me Out"
"DF",2016-07-17,"The Jubilets","You Held Me All Night Long"
"DF",2017-07-16,"Goudhaantjes","This Is"
"DF",2016-01-10,"Exhaustion","Colleague"
"DF",2017-08-17,"Two Daughters","Return CallWe Are"
"DF",2017-01-29,"The Klinik","Insane Terror"
"DF",2023-11-24,"Little Claw","Movies For You"
"DF",2018-05-27,"Minisex","Valium"
"DF",2016-08-29,"Trouble Vs Glue","Despite"
"DF",2016-08-29,"Not Waving","24"
"DF",2023-11-24,"The Filmcast","Admission"
"DF",2025-11-28,"Morgan Garrett","Tearful Life"
"DF",2018-01-05,"C. Lavender","SelfImposed Quarantine"
"DF",2016-07-17,"Running","Thanks For The Input"
"DF",2025-11-28,"The Bomber Jackets","Are You Terrified"
"DF",2018-05-27,"Wetware","When You Respond"
"DF",2016-06-20,"Wolf Eyes","Half Animal Half Insane"
"DF",2023-11-24,"Leslie Keffer","Summon"
"DF",2025-11-28,"Bene Gesserit","American Orphan Girl"
"DF",2017-08-17,"Frozen Ducks","Beginnings"
"DF",2018-05-27,"FRKSE","Burn First Then An Affront"
"DF",2017-07-02,"Deutsch Nepal","Irrtum In Weltraum"
"DF",2021-05-21,"Zaliva-D","Wicked"
"DF",2021-05-21,"Hand Of Food","Absolutley Relaxing"
"DF",2017-03-26,"Ideas Beyond Filth","Ka"
"DF",2019-01-27,"Maoupa Mazzocchetti","Private Investigator On A Guitar Men"
"DF",2023-08-07,"Mick Ness","You In Me"
"DF",2016-07-05,"Werk","Tradition"
"DF",2016-07-05,"Opus","Master Of My Fate"
"DF",2025-11-28,"Vessel","Paplu Love that Moves the Sun"
"DF",2016-07-17,"Homostupids","Moon WaltzSneaky Leaker"
"DF",2019-01-27,"X-Mal Deutschland","Kalbermarsch"
"DF",2016-06-20,"Tab Ularasa","Bunnies"
"DF",2019-05-03,"Girl Arm","Dr Aftabs Revenge"
"DF",2018-05-27,"StÅed SvÄta","B1"
"DF",2016-01-10,"Judas Priest","Deep Freeze"
"DF",2016-05-30,"Brutum Fulmen","It Was 1951 When I First Contacted The Moon"
"DF",2016-07-17,"Hair & Treasure","Juno Lake Loop"
"DF",2016-06-14,"David Nance Band","Isnt That The Case"
"DF",2017-01-29,"Prostitutes","War Goes On"
"DF",2018-01-05,"Felix Menkar","Musica Ratonera"
"DF",2017-03-26,"Happy Halloween","Day 3"
"DF",2017-01-29,"Consolidated Plastics","Matter Of Fact"
"DF",2018-01-05,"Voice Farm","Davys Big Battle"
"DF",2019-05-03,"Rema-Rema","GalleryOh Rock N Roll"
"DF",2017-04-17,"Caroline K","Animal Lattice"
"DF",2023-11-24,"R.m.f.c.","Air Conditioning"
"DF",2017-01-29,"The Bombers","Dance"
"DF",2024-08-25,"Five Year Plan","Socred Youth"
"DF",2017-01-29,"Consolidated Plastics","Backwards"
"DF",2019-05-03,"This Little Alien","No Noise"
"DF",2017-03-26,"Clarinette","1960"
"DF",2016-07-17,"Again Again","Scarred For Life"
"DF",2022-09-25,"David Mitchell & Denise Roughan","Jewel"
"DF",2016-08-26,"Angel Face","Wolf City Blues"
"DF",2022-09-25,"Diana Rogerson","Not What I Wanted"
"DF",2017-01-29,"The Lucys","Lost Animal"
"DF",2016-07-05,"Watery Love","Neds Dreamcatcher"
"DF",2019-09-16,"The Choke","Top Man"
"DF",2021-05-21,"Greymachine","Sweatshop"
"DF",2025-02-17,"The Mob","I Hear You Laughing"
"DF",2016-06-20,"Athletico Spizz 80","Airships"
"DF",2023-08-07,"Haus Arafna","You"
"DF",2016-06-20,"Hula","Pleasure Hates Language"
"DF",2016-05-30,"Delta Sleep Inducing Peptide","Breathless Hurdler"
"DF",2023-01-02,"Shop Regulars","Mischief"
"DF",2016-11-22,"Joel Graham","Geomancy"
"DF",2016-09-11,"Clystere","Sonata No 1"
"DF",2017-01-29,"Suicide","Harlem Ii"
"DF",2018-01-05,"The Stallion","Comfortably Numb"
"DF",2016-08-26,"Sissy Spacek","Gun Cradle"
"DF",2023-01-02,"The Creepers","Black Lung"
"DF",2025-02-17,"Intimspray","One Million Barrels"
"DF",2023-11-24,"Cantenac Dagar","Aferie"
"DF",2016-11-22,"Krysmopompas","Lolas Welt"
"DF",2023-11-24,"Mary Jane Dunphe","Always Gonna Be The Same"
"DF",2016-01-10,"Ultra","Mllhalde"
"DF",2016-11-22,"People Skills","89 Cent Public Render"
"DF",2016-01-10,"A Tent","No Way Of Knowing"
"DF",2017-07-16,"Tackle","Grondman"
"DF",2016-08-26,"Tropa Macaca","Sol A Nascer"
"DF",2016-11-22,"Starving Dogs","Bastard Degenerate Scum"
"DF",2017-08-17,"Andre de Koning","Nieuws In Het Kort"
"DF",2017-07-23,"Multicult","Landfill"
"DF",2016-09-11,"Writhing Squares","Astral Trane"
"DF",2016-06-14,"Les Krash","Love"
"DF",2023-08-07,"Pissed Jeans","No Convenient Apocalypse"
"DF",2017-07-02,"De Fabriek","Mediterraneo"
"DF",2018-01-05,"Sun Skeletons","Maybe"
"DF",2016-11-22,"Zanti Misfitz","Mothers Ruin"
"DF",2016-11-22,"Tempest","Obscenities"
"DF",2017-07-02,"The Escorts","Bingo"
"DF",2016-06-14,"The Garbage & The Flowers","Henry Where Is Lyon"
"DF",2017-03-26,"Corrosive Crowd","Insektenliebe"
"DF",2016-08-26,"The Dead C","ThreeFive"
"DF",2016-11-22,"Pbk","Consupiscence"
"DF",2016-06-14,"The Horse He's Sick","Doctors Senora"
"DF",2017-08-17,"Grey Guides","Yoo Doo Rite Mr Pharmacyst"
"DF",2019-01-27,"Slurpy Gloop","Feelings"
"DF",2023-08-07,"Pink Military","Living In The Jungle"
"DF",2023-11-24,"Filth","The List"
"DF",2019-05-03,"Orgue Agnès","Fume Future"
"DF",2016-11-22,"What It Is","Rearing Pigs"
"DF",2015-12-30,"Sam Gopal","Escalator"
"DF",2016-07-05,"Dr. Telecom","Phone Is My Clone"
"DF",2017-08-17,"David Kenneth Nance","Amethyst"
"DF",2024-04-14,"Cheri Knight","Primary Colors"
"DF",2016-01-10,"Night Sun","Got A Bone Of My Own"
"DF",2017-08-17,"Clau D.E.D.I.","The Toaster Wants Your Blood"
"DF",2024-08-25,"Age Of Self","Shed No Tears"
"DF",2019-09-16,"Jim Shepard","Tabernacle Moneygun"
"DF",2016-07-17,"Running","We Never Came Close"
"DF",2016-08-26,"Normal Brain","Frottage One Way"
"DF",2017-07-23,"Marz","Lord Have Mercy"
"DF",2020-01-06,"Gerechtigkeits Liga","Five Skandhas"
"DF",2020-01-06,"The Lloyd Pack","Knock Through"
"DF",2024-08-25,"Age Of Self","Wounds"
"DF",2017-03-26,"Atom Mouth Gimlies","Pink Flies"
"DF",2017-01-29,"Violent Change","Colors Of The Pine"
"DF",2017-01-29,"Mark Feehan","Die Wasserbomben"
"DF",2018-01-05,"Charles Manier","Urge To Dive"
"DF",2015-12-30,"30 Windswept Dimes","Nestors Carbuncles"
"DF",2023-08-07,"Trespassers W","Bite You In The Heel"
"DF",2016-06-20,"The Terminals","Basket Case"
"DF",2016-06-14,"Jt Whitfield","Crawling Home"
"DF",2016-08-29,"Hermann's Orgie","Tu Was Du Willst Ii"
"DF",2019-09-16,"Eat Avery's Bones","Worst Morning Ever"
"DF",2024-08-25,"The Destructors Club Meets Scientist","Divide And Rule"
"DF",2025-11-28,"eat-girls","Canine"
"DF",2016-08-26,"Die Ulkigen Pulkigen","Help"
"DF",2016-11-22,"N.m.o.","Side A"
"DF",2023-08-07,"Crawling With Tarts","Gentle Wind"
"DF",2017-03-26,"Cube","Domain"
"DF",2016-08-29,"Helm & Decimus","Any Surface Will Do"
"DF",2016-11-22,"Westland","Pterodaktyl"
"DF",2023-08-07,"Morgan Garrett","Fall Walk"
"DF",2017-07-16,"O.R.D.U.C.","Crazy Computer"
"DF",2017-03-26,"Not Waving","Control Myself"
"DF",2016-09-11,"Retaliation","Morning Dew"
"DF",2019-01-27,"Luxurious Bags","Eyes Tell Me Hands Tell Me"
"DF",2022-06-29,"Gary Clail's Tackhead Sound System","Whats My Mission Now"
"DF",2017-07-23,"Life Support","Confusion"
"DF",2016-08-26,"Tildaflipers","Ardiendo A Fuego Lento"
"DF",2017-07-16,"Alessandra Novaga","Veronika Voss"
"DF",2023-01-02,"Glands Of External Secretion","Hide Your Love Away Stupid People Hate Fuck"
"DF",2016-09-11,"Dan Melchior","Propaganda Cult"
"DF",2022-06-29,"Mark Morgan","Gentlemans C"
"DF",2016-09-11,"Stefan Christensen","American Pastoral Again"
"DF",2018-01-05,"S. English","1111"
"DF",2016-06-20,"Stick Men With Ray Guns","Ill Kill Mother"
"DF",2023-08-07,"Paul Kelday","Dehumanization Process"
"DF",2023-11-24,"Raja Kirik","Act Iv Slompret Slompret"
"DF",2018-05-27,"Post Scriptvm","Warped In Sickness"
"DF",2025-11-28,"Conflict","The Final Conflict"
"DF",2016-08-29,"Eric Iverson","The Purpose Of Life"
"DF",2015-12-30,"The Bots","Im Gay"
"DF",2025-02-17,"Biocar","Walking On The Water"
"DF",2017-08-17,"Corporate Park","All Or Nothing"
"DF",2016-08-29,"Les Yeux Interdits","Prison"
"DF",2017-04-17,"Das Ding/Lyi","Cleaning Windows"
"DF",2017-03-26,"Throbbing Gristle","Primal Church"
"DF",2016-08-26,"Randomer","Dem Thing"
"DF",2017-07-02,"$Alami J.r.","Down With The Ascap"
"DF",2016-08-26,"Diana Tribute","Jacynth"
"DF",2016-08-26,"Moskow","Robot"
"DF",2017-07-16,"Exhibit A","Maniac Garden"
"DF",2025-02-17,"Greeting No. 4","Train"
"DF",2016-06-14,"David Nance Band","Pure Evil"
"DF",2016-07-05,"Astro Children","While I Appreciate Your Concern"
"DF",2019-09-16,"Jo Callis","Dodo Boys"
"DF",2022-06-29,"Matt Mawson","Open The Goddam Door"
"DF",2022-06-29,"The Puds","Toxic Shock"
"DF",2021-05-21,"Josh Landes","Strawberrry Mask"
"DF",2016-08-29,"Third Door From The Left","People Like You"
"DF",2025-02-17,"Midnight Mines","The Planet Drifts Into Random Insect Doom"
"DF",2016-07-17,"The Galaxies Iv","Dont Lose Your Mind"
"DF",2016-07-17,"Person Of Interest","Call This Number"
"DF",2021-05-21,"Rock Boycott & The Yellow Steed","Rock Out"
"DF",2017-07-16,"Form A Log","Prime Suspect"
"DF",2019-05-03,"Suspect","Early Morning"
"DF",2016-09-11,"Airmail","In A Moment"
"DF",2019-05-03,"Man Ray","Septembers Chance"
"DF",2016-01-10,"Ramleh","St John Of The Cross"
"DF",2022-06-29,"Head Of David","Grand Rift Faultline"
"DF",2016-11-22,"Rubble","Cigarette Rabbit"
"DF",2019-01-27,"Prophetic Four","Escape"
"DF",2016-07-17,"Running","1 Dad"
"DF",2021-05-21,"Vertical Slit","Metal Or Meat"
"DF",2019-01-27,"The Jarvis Street Revue","Mr Oil Man"
"DF",2018-01-05,"Ectoplasm Girls","Transmission From The 18Th Century"
"DF",2019-09-16,"Strafe Für Rebellion","Mosche Bildt Njet"
"DF",2016-08-26,"Zwoek","Untitled 9"
"DF",2021-05-21,"Glen Schenau","Jhumble"
"DF",2018-05-27,"Il Epoca del Hombre","Me Bato Contra Dios"
"DF",2024-08-25,"Age Of Self","They Buy Houses Dont They"
"DF",2017-01-29,"Campingsex","Schliess Die Tr"
"DF",2016-11-22,"Pink Street Boys","Body Language"
"DF",2017-08-17,"Manito","Love Lies"
"DF",2016-01-10,"Pumice","Mothers In Mantis"
"DF",2019-01-27,"Mattin","February"
"DF",2019-05-03,"Modern Warfare","Nothings Left For Me"
"DF",2024-04-14,"Omming For Woks","Cut Of Knives"
"DF",2016-11-22,"Burmese","Preyer"
"DF",2016-08-29,"David Welsh","Rock Drummer"
"DF",2018-05-27,"Lazarus","Awakening of Lazarus Part 2"
"DF",2016-01-10,"Squid Diddley","Flying"
"DF",2025-02-17,"Kallabris","Pigmies"
"DF",2016-11-22,"The Amorphons","Phone Ringing"
"DF",2024-08-25,"Richard H. Kirk","Martyrs Of Palestine"
"DF",2024-08-25,"The Upsets","I Dont Know Why"
"DF",2017-01-29,"Consolidated Plastics","Why Not"
"DF",2016-08-29,"Ost Morbi","Coglione"
"DF",2023-11-24,"Lifers","Spotlight"
"DF",2019-01-27,"I-Lp-On","Muistoissa 123 Poble Dub"
"DF",2018-05-27,"M.A.L.","Deimos"
"DF",2016-07-05,"The Tee-Vees","War Machine"
"DF",2023-11-24,"The Pedestrians","Looking Out My Window"
"DF",2019-05-03,"Kleistwahr","Anthem For A New Begining"
"DF",2017-07-16,"GRRR","Herman"
"DF",2018-01-05,"Painkiller","Buried Secrets"
"DF",2019-05-03,"Hartmann","Forget The Past"
"DF",2016-06-14,"David Nance Band","Unamused"
"DF",2022-06-29,"Arkansaw Man","AngelsAliens"
"DF",2017-07-02,"Baron Saturday","Motorway Of Love"
"DF",2023-01-02,"False Flag","Youve Got A Mustache"
"DF",2016-09-11,"Mars","CairoTunnelHairwaves"
"DF",2017-03-26,"Scouts Of Uzbekistan","Hansel And Zombie"
"DF",2017-08-17,"Noah Sterba","Amerika"
"DF",2021-05-21,"Nexda","Fivesixeight"
"DF",2017-07-23,"The Dodgems","Lord Lucan Is Missing"
"DF",2017-07-16,"Psychological Warfare Branch","Lebersraum Amerikkka"
"DF",2016-01-10,"Flo & Spicey","Sucking In The Sun"
"DF",2024-04-14,"Kit","Coast To Coast"
"DF",2017-08-17,"Margaret Freeman","Kill That Kill"
"DF",2018-01-05,"Enderie","Sore"
"DF",2023-08-07,"1919","Slave"
"DF",2017-07-23,"Sleep Chamber","Conversations In Between Walls"
"DF",2019-01-27,"Ekg","Immer"
"DF",2017-07-16,"Blue Screaming","ThinXCinema"
"DF",2016-08-29,"Gate & Control Unit","Walls We Know"
"DF",2017-08-17,"The Rebel","This Is How It Is"
"DF",2016-06-14,"Cp/Bw","Mr Measles"
"DF",2016-06-14,"Fluwelen Koord","Luxe Poesje"
"DF",2023-11-24,"Persher","Man With The Magic Soap"
"DF",2023-11-24,"Rigorous Institution","Criminal Betrayers"
"DF",2024-04-14,"Fan Tan","Dress Up"
"DF",2021-05-21,"Crazy Doberman","Cold Spots"
"DF",2016-06-20,"Gods Gift","Anaesthetic"
"DF",2023-01-02,"Beluga And The Human Ashtrays","Mars Needs Women"
"DF",2017-03-26,"No Trend","No Hopus Opus"
"DF",2016-09-11,"De Kommeniste","Look"
"DF",2016-09-11,"Bad Breeding","Burn This Flag"
"DF",2016-11-22,"Jad Fair & Jason Willett","They Could Be Vampires"
"DF",2016-06-20,"Overmen","1"
"DF",2024-04-14,"Photographed By Lightning","Sleeps Terminator"
"DF",2016-11-22,"Sleaford Mods","I Can Tell"
"DF",2016-07-05,"Dan Melchior","Bottom Of The Sea"
"DF",2019-09-16,"Flying Testicle","The Red Lanterns"
"DF",2021-05-21,"Frkse","Trade Secrets"
"DF",2017-07-02,"Aaron Dilloway","Born In A Maze"
"DF",2023-01-02,"Three-Legged Race","Mourning Order"
"DF",2017-03-26,"Berlinerluft","War"
"DF",2015-11-29,"Farmers","Houdini"
"DF",2016-11-22,"Sex Church","While You Are Asleep"
"DF",2019-01-27,"Pious Faults","Worship The Surface Ii"
"DF",2023-08-07,"Hogg","Flower"
"DF",2016-06-14,"Map","Warehouse"
"DF",2016-01-10,"Watery Love","Megs Dreamcatcher"
"DF",2019-05-03,"Javier Pedreira","Intelligencia Fisica"
"DF",2017-07-16,"The Clips","Sunshine Too Good To Be True"
"DF",2020-01-06,"Tana Emmolo-Smith","Prescient Dreams"
"DF",2018-05-27,"The Snifters","I Like Boys"
"DF",2017-03-26,"The Hamsters","Stupid Songs"
"DF",2015-12-30,"Hawkwind","Master Of The Universe"
"DF",2017-04-17,"Aaron Dilloway","Karaoke With Cal"
"DF",2016-09-11,"Slack Djs","Glasshouse Mountains"
"DF",2017-08-17,"Smexmec","La Sanga"
"DF",2019-01-27,"Amnesia Scanner","Too Wrong"
"DF",2016-01-10,"Black Humor","NeoHippies"
"DF",2017-07-16,"Two Daughters","Kiss The Cloth"
"DF",2023-01-02,"Niagara","I Always Will"
"DF",2015-11-29,"The Residents","Whoopy Snorp"
"DF",2017-01-29,"Consolidated Plastics","Take A Look"
"DF",2023-08-07,"The Jaunties","The Jaunties Call Donut World"
"DF",2016-06-20,"Akauzazte","Lurberria"
"DF",2017-07-23,"Bee Queen","Rainhas Des Abelhas"
"DF",2018-05-27,"Prominent Disturbance","A Laugh Or TwoHappy Again"
"DF",2017-07-23,"Joke Lanz","Except for the Cows"
"DF",2017-03-26,"Randomize","Movilidad Incesante"
"DF",2016-07-17,"The Jackofficers","Swingers Club"
"DF",2018-05-27,"Yoran","Concert Maillol"
"DF",2017-03-26,"Steve Flato","Realistic Binaural Haircut"
"DF",2017-07-16,"Animals & Men","Terminal Beach"
"DF",2022-06-29,"Avola","Revolutions"
"DF",2016-07-17,"Lelu/Lu's","Love Bytes"
"DF",2025-11-28,"Arianne Churchman & Benedict Drew","The Cuckoo"
"DF",2017-03-26,"Neoteric Tribesmen","Folk Tale Of The Sun Man"
"DF",2016-05-30,"Factorymen","Are You Hungry"
"DF",2022-06-29,"Body/Dilloway/Head","BodyErase"
"DF",2019-01-27,"Redness","Backwards Forwards"
"DF",2017-01-29,"Annie Anxiety","Burnt Offerings"
"DF",2024-04-14,"Hand Of Food","I Went To Santas Village And Nobody Knew You"
"DF",2018-01-05,"Lowlife","Leaders"
"DF",2016-07-05,"Shredded Nerve","Closer To The End"
"DF",2025-02-17,"11,000 Switches","Philosophy Of Happiness"
"DF",2017-08-17,"Neutral","A B C"
"DF",2017-07-16,"Quittinirpaaq","Down By The River"
"DF",2019-05-03,"Terminal Cheesecake","Tiny Forehead"
"DF",2019-01-27,"Social Interiors","Calls Triggering"
"DF",2017-07-02,"Total","Nothing"
"DF",2017-07-16,"Obnox","Sexy Librarian"
"DF",2016-06-14,"Ekman","I Only Hit You Cause I Love You"
"DF",2016-08-29,"Cheater Slicks","Crackin Up"
"DF",2023-11-24,"Ecology:Homestones","Perfect Francis"
"DF",2016-01-10,"Chazev","Katatonia 2 B"
"DF",2025-11-28,"Sons of T","Treasures In Jars Of Clay"
"DF",2023-08-07,"Kitchen's Floor","Blood"
"DF",2021-05-21,"Wetware","Car Dancer Kismet"
"DF",2016-06-20,"A Bolha","Sem Nada"
"DF",2016-06-20,"Sternklang","Electrostatic Discharge Conductance"
"DF",2024-08-25,"Warum Joe","Bloody Mary"
"DF",2024-08-25,"Pep Lester + His Pals","Do It Yourself"
"DF",2015-12-30,"The Sunday Painters","For The Sake Of The Children"
"DF",2017-08-17,"Jackdaw With Crowbar","New Right Wing"
"DF",2023-08-07,"Cheater Slicks","Lichen"
"DF",2016-06-14,"Ono","The Model Bride"
"DF",2017-07-16,"Esplendor GeomÃ©trico","El Resto Atrs"
"DF",2016-05-30,"Nocturnal Emissions","Id50"
"DF",2015-12-30,"Sadistic Exploits","Anarchy For Freedom"
"DF",2022-06-29,"Paul Leary","Fine Home"
"DF",2019-01-27,"Avola","The Feels"
"DF",2024-04-14,"Yoke","Rubies"
"DF",2021-05-21,"Volcano The Bear","Ong Pat"
"DF",2017-04-17,"Wolf Eyes","Texas"
"DF",2023-08-07,"Band Apart","Marseille"
"DF",2017-07-23,"If All Else Fails...","Distinct"
"DF",2024-04-14,"The Act","Who Let The Flowers Fall"
"DF",2017-08-17,"No Balls","No Lungs"
"DF",2016-07-05,"Konstruktivits","Beirut"
"DF",2016-07-17,"Horforstaelese","Frlst Jvel"
"DF",2016-06-14,"Low Jack","Fabu Knight"
"DF",2017-07-02,"Jsca","Esem"
"DF",2017-07-23,"Hex Minora","Famous For What"
"DF",2022-06-29,"Urwelt","Pure Celestial Eyes"
"DF",2021-05-21,"Haus Arafna","Toter Mensch"
"DF",2022-06-29,"Patrik Fitzgerald Group","Animal Mentality"
"DF",2024-04-14,"Rikk Agnew","Section 8"
"DF",2018-01-05,"The Poems","Shoot To Kill"
"DF",2019-01-27,"Dame Area","Immagina Il Passato Ricorda Il Futuro"
"DF",2015-12-30,"Cured Pink","Treated Unwell"
"DF",2017-01-29,"Consolidated Plastics","State Never Lies"
"DF",2023-11-24,"Tracy + The Plastics","Quaasars"
"DF",2016-11-22,"The Lyme","Measles"
"DF",2015-12-30,"Map 71","Wrong Element"
"DF",2021-05-21,"Amnesia Scanner & Bill Kouligas","Lexachast Vi"
"DF",2017-07-16,"Vacio Perfecto | Pharmakustik","Meccanismorte 6"
"DF",2015-12-30,"Tötenköpf","Flutter Fribulation Ou Les Spadassins De La Guerre"
"DF",2017-01-29,"Prolapse","Every Night Im Mentally Crucified"
"DF",2017-01-29,"Fru Aut","Kabul"
"DF",2015-12-30,"Hawkwind","The Watcher"
"DF",2025-11-28,"Dominion","They Came In Hordes"
"DF",2025-11-28,"Torn Hawk","Plainsong"
"DF",2023-08-07,"E-Saggila","Dripper"
"DF",2023-08-07,"S. English","Citizen"
"DF",2016-08-26,"Jade Arden","Sleepwalking"
"DF",2015-12-30,"Hawkwind","Silver Machine"
"DF",2018-01-05,"Superkid","Trouble Maker"
"DF",2023-01-02,"Calypso Machine Gun","Psychic Turmoil"
"DF",2023-11-24,"Eight Living Legs","Dont Do That Near Me"
"DF",2023-01-02,"Crispy Newspaper","Charlie Hebdo"
"DF",2017-03-26,"The Hot Nasties","Invasion Of The Tribbles"
"DF",2017-01-29,"Hex Minora","Virgo Intacta"
"DF",2016-08-29,"The Wilful Boys","621"
"DF",2018-05-27,"C.I.A. Debutante","FortyEight Dollars A Night Neon"
"DF",2016-01-10,"Black Pink Purple","Anorexic"
"DF",2020-01-06,"The Skodas","Everybody Thinks Everybody Else Is Dead Bad"
"DF",2015-12-30,"Black Mecha","Black Ray"
"DF",2023-01-02,"Dredd Foole & The Din","No Gun"
"DF",2017-07-23,"Sigillum S","Alone"
"DF",2023-08-07,"Hands Up Who Wants To Die","Clothbound"
"DF",2017-04-17,"Kill Your Sons","Obsession"
"DF",2016-06-14,"Suisse","Knicker Two"
"DF",2018-05-27,"Shoes For The Industry","Fear of Wages"
"DF",2016-01-10,"Genocide Organ","Search A Place To Die"
"DF",2016-11-22,"Ad","Faltering Steps"
"DF",2015-12-30,"Zounds","Cant Cheat Karma"
"DF",2015-12-30,"Motörhead","Doctor Rock"
"DF",2017-07-23,"The Intended","Nobody Move"
"DF",2017-08-17,"Javier Hernando","Diorama"
"DF",2021-05-21,"Little Annie & Fabrizio Palumbo","Chinatown Blues"
"DF",2019-01-27,"Nachdenkliche Wehrpflichtige","You Say You Dont Love Me"
"DF",2023-11-24,"Lmnop","Forever Through The Sun"
"DF",2015-12-30,"Pr5","Going Back"
"DF",2023-01-02,"V-3","Cast A Stone"
"DF",2017-08-17,"The Paradox","A New Rain"
"DF",2016-06-20,"Slushy Guts","Thoughts Hurts"
"DF",2016-09-11,"Booze","5 Minute Break"
"DF",2024-04-14,"Gub","Gub 1"
"DF",2016-07-05,"B-Ball Joints","Joint 3"
"DF",2022-09-25,"G.o.i.n.g.","Ground Scorn"
"DF",2024-04-14,"Nina Harker","Le Pont Voiles"
"DF",2016-06-20,"Gentleworms","Crow Jane"
"DF",2016-01-10,"Amor Fati","The Law"
"DF",2016-11-22,"Mazozma's Fatufairfe","Cubbie Faint Sadness"
"DF",2019-05-03,"Bocksholm","Steinbock And His Disciples"
"DF",2016-09-11,"Fredrik Nilsen","Insecticide"
"DF",2017-07-02,"Balans","Okolje"
"DF",2017-03-26,"Desaccord Majeur","Une Autre Raction"
"DF",2016-11-22,"Housewives","Almost Anything"
"DF",2018-05-27,"Nocturnal Emissions","Never Give Up"
"DF",2016-07-05,"Eligio's Hallucinogenetic Plans","Double"
"DF",2015-12-30,"Ed Sirrs","I Think I Think Too Much"
"DF",2016-11-22,"Selfish Cunt","Britain Is Shit"
"DF",2016-09-11,"Rene Hell","Quiet Detail Muse"
"DF",2023-08-07,"Cheater Slicks","Reaching Through"
"DF",2023-11-24,"Objekt","Bad Apples"
"DF",2023-01-02,"Juiceboxxx","In The Basement"
"DF",2023-11-24,"Know Authority","Work Of Children"
"DF",2017-08-17,"Bad Breeding","Endless Impossibility"
"DF",2016-06-14,"Paul Shorthouse","Empty"
"DF",2016-07-05,"M Ax Noi Mach","Material Obsession"
"DF",2022-06-29,"Snooks","Signals Warnings"
"DF",2016-09-11,"Shit & Shine","Jackson Warrior"
"DF",2024-08-25,"Shellac","I Dont Fear Hell"
"DF",2018-05-27,"Yoko Ono","Greenfield Morning I Pushed An Empty Baby Carriage All Over The City"
"DF",2015-12-30,"Mai Mai Mai","Petra"
"DF",2019-01-27,"Ophüls","Wolves"
"DF",2016-01-10,"Cherubs","Party Ice"
"DF",2017-07-16,"Strotter Inst.","BEEEENQU snijdende tests"
"DF",2017-07-23,"Driftmachine","Rungler Statik"
"DF",2023-08-07,"Mag-Amplitude","The Meaning Of It All"
"DF",2019-09-16,"Birchville Cat Motel","Stellar Collapse"
"DF",2018-01-05,"The Recognitions","This First Dance"
"DF",2016-09-11,"We Be Echo","You Are Everything"
"DF",2019-05-03,"Die Form & Dz Lectric","Untitled 3"
"DF",2017-07-16,"Big Bertha","Munich City"
"DF",2022-06-29,"Rider/Horse","Chime Inn"
"DF",2018-05-27,"Patois Counselors","Target Not A Comrade"
"DF",2019-01-27,"The August Sons","You Taste So Good To Me"
"DF",2017-07-02,"David Nance","Sprained Ankle"
"DF",2015-12-30,"Tony Whitaker","Evening Post"
"DF",2016-11-22,"No Fun","I Wanna Be God"
"DF",2018-05-27,"Diagram Brothers","Seals Furcoats"
"DF",2019-05-03,"Aussenminister","City Wolf"
"DF",2018-01-05,"Exit Hippies","Fluffy Cloud 3"
"DF",2025-02-17,"Kou","La Tempesta"
"DF",2016-07-17,"Running","No Wave Jose"
"DF",2016-06-20,"Der Musikant","Reiss Dich Zusammen"
"DF",2019-01-27,"Claus Böhmler","Falckenstein"
"DF",2016-06-20,"Dennis Oppenheim","Theme For A Major Hit"
"DF",2016-06-20,"Skin Graft","Blood Gutter"
"DF",2017-07-02,"Basement 5","Last White Christmas"
"DF",2024-04-14,"Annie Achron","A Disintegration"
"DF",2023-11-24,"Torn Hawk","Movie Ends Im Not Embarrassed"
"DF",2016-06-20,"The Wise Men","Knowledge"
"DF",2015-12-30,"Motorhead","Sex Death"
"DF",2022-06-29,"Neon Barbs","Adjust To Red"
"DF",2024-08-25,"Roy Montgomery","Just Melancholy"
"DF",2016-07-17,"The Dogs","Rot N Roll"
"DF",2021-05-21,"Lavender Hex","Comfortable"
"DF",2016-07-05,"Kraaijeveld","Hound Is On The Run"
"DF",2024-08-25,"S*Glass","Rise Of The American Asshole"
"DF",2017-08-17,"Los Texao","Stone"
"DF",2021-05-21,"Xylitol","Crazy Frog"
"DF",2016-06-14,"David Nance Band","All I Want To Know Is When Youre Coming Home"
"DF",2019-05-03,"Kilynn Lunsford","Terminator Baby"
"DF",2017-07-02,"S-Haters","The Deepest Of Reds"
"DF",2018-01-05,"Glands Of External Secretion","Backlit Colander With Holes Shaped Like Numbers"
"DF",2016-05-30,"Esplendor Geométrico","Amor En Mathaussen"
"DF",2023-01-02,"Splintered","Mouth Clamp"
"DF",2022-09-25,"Fnu Clone Inc.","Ghost Baby Ghost"
"DF",2017-07-23,"Collectionism","We Are All Children Of God"
"DF",2016-08-29,"Ode Virale","Bildung IiiI"
"DF",2018-05-27,"Andi Arroganti","Rosa Dreieck"
"DF",2016-07-17,"Tackle","Benzedrine"
"DF",2020-01-06,"The Lowest Note On The Organ","Thusly Routed We Gambol"
"DF",2022-09-25,"The Crucifucks","Lights Over Baghdad"
"DF",2016-08-29,"The Wipers","My Vengeance"
"DF",2016-01-10,"The Girls","Never Did Believe In"
"DF",2016-07-17,"Manic Jabs","Autophagous"
"DF",2016-06-14,"David Kenneth Nance","Sad Song"
"DF",2025-11-28,"Haus Arafna","Auserwhlt"
"DF",2025-11-28,"Guests","Arrangements As In Making Them"
"DF",2023-08-07,"Sybil","I Am Tv"
"DF",2016-08-29,"Das Ding","Sad But True"
"DF",2016-06-14,"David Kenneth Nance","Leather In A Box"
"DF",2023-01-02,"Veiled","Tour De Nit"
"DF",2016-11-22,"33.10.3402","100 Drone Radio Passive Scape"
"DF",2017-08-17,"Nerve","Sharpshooter"
"DF",2017-01-29,"Chris Haas &Beate Bartel","Metal"
"DF",2025-02-17,"Winston","Waiting Room"
"DF",2016-08-29,"Evil Moisture / Panicsville","Raviole For Patronn"
"DF",2016-09-11,"Solaris","Alien Intrusion"
"DF",2017-07-02,"Sleaford Mods","Carlton Touts"
"DF",2016-11-22,"Flores Feias","Feitico"
"DF",2019-05-03,"A.m.","Vilcabamba Phantasy"
"DF",2016-07-17,"Running","Ghost Bag"
"DF",2023-08-07,"Little Bears From Bangkok","Dog Pack 202"
"DF",2017-07-02,"Midnight Mines","Accattone"
"DF",2017-07-23,"Joe Colley","No Way In"
"DF",2024-08-25,"Collate","Numbers"
"DF",2016-07-17,"Sympathy Nervous","No More Expo"
"DF",2018-01-05,"Glen Schenau","Im Smitten"
"DF",2016-05-30,"The Sickness","Die"
"DF",2016-07-05,"The Rivals","Future Rights"
"DF",2024-04-14,"Scram Ju Ju","Big Beyond"
"DF",2017-01-29,"Consolidated Plastics","Garden Variety"
"DF",2017-07-16,"Bogshed","Packed Lunch To School"
"DF",2025-02-17,"Alter Of Flies","Nervous Loops 100511"
"DF",2017-07-02,"Altered Images","Dead Pop Stars"
"DF",2016-05-30,"Sat Stoicizmo","Avionom"
"DF",2021-05-21,"Black Girls Machine","Asking"
"DF",2016-06-20,"Shetahr","Beans"
"DF",2017-07-16,"Beta Boys","High On Drugs"
"DF",2016-09-11,"Kastel","39"
"DF",2023-01-02,"Richard Papiercuts","Judgement"
"DF",2021-05-21,"Lamps","Insects"
"DF",2016-06-14,"Twinkeyz","1000 Reasons"
"DF",2015-12-30,"Pink, Plastic & Panties","Protection"
"DF",2022-09-25,"B|_Ank","Kruatte"
"DF",2016-07-05,"Neutral","Musik Brut"
"DF",2019-09-16,"Bobby Would","Baby"
"DF",2016-08-29,"El Amor","On The Midnight Bus"
"DF",2016-11-22,"Coalition Broadcasting Corporation","Fish"
"DF",2025-11-28,"Negativland","Mounting The Puppy"
"DF",2019-01-27,"Heavy Metal","Gasmask Factory Ii"
"DF",2020-01-06,"Fatal Impact","Humanity Decadance"
"DF",2025-11-28,"Geoffrey Landers with Cason","Sand Bars Alone"
"DF",2016-06-20,"The Trendees","Delinquent Telephone"
"DF",2023-08-07,"France","Occitania"
"DF",2019-05-03,"Russe","Bau"
"DF",2018-05-27,"XX Committee","NP Ward 3"
"DF",2023-01-02,"Multicult","Extra Spherical View"
"DF",2025-11-28,"Muslimgauze","Gulf Between Us"
"DF",2017-03-26,"No Ufos","Pcm Track Ii"
"DF",2015-12-30,"Motörhead","White Line Fever"
"DF",2017-07-23,"Bourbonese Qualk","Badlands"
"DF",2017-08-17,"Colour BÃ¼k","Yellow Stains"
"DF",2016-06-20,"Cheater Slicks","Refried Dreams"
"DF",2016-06-20,"Un","Alamo Square"
"DF",2016-07-05,"Big Wheel","Upside Down"
"DF",2019-01-27,"Plexigladz","Pretty Depressive Lech Ma Tonight"
"DF",2021-05-21,"Cured Pink","The New Public"
"DF",2021-05-21,"The Glass Path","Constanera"
"DF",2016-08-26,"R.n.a. Organism","Howareyou Whyou"
"DF",2025-02-17,"Tim Goss","Fly V"
"DF",2022-06-29,"The Wealthy Texans","Best Holiday"
"DF",2018-05-27,"Bend Sinister","YeahYeahYeah"
"DF",2017-07-23,"M.E.S.H.","Methy ImbiB"
"DF",2015-12-30,"Ono","Mala Veau"
"DF",2016-11-22,"Das Torpedos","Act Vi"
"DF",2025-02-17,"3phaz","Babababababawar"
"DF",2025-11-28,"Raime","Hold Your Line"
"DF",2023-01-02,"Electric Guitars","Dumb Words"
"DF",2019-05-03,"Horse Dwarves","Self Titled 2"
"DF",2019-01-27,"Negative Space","Forbidden Fruit"
"DF",2016-09-11,"Hula","Feed The Animal"
"DF",2017-01-29,"Consolidated Plastics","Ballad Of The Ghost Of Crouton John"
"DF",2019-05-03,"Chop Shop","Scraps"
"DF",2018-05-27,"Leda","Gitarrmusik III"
"DF",2023-08-07,"Sewer Election","Nra"
"DF",2022-09-25,"Maska Genetik","Ocean"
"DF",2023-11-24,"V;","1926"
"DF",2022-09-25,"Techno Animal","Megaton"
"DF",2016-01-10,"Dreamcrusher","Adore"
"DF",2016-08-26,"Stenka Bazin","Bel Canto"
"DF",2017-07-02,"Red Dark Sweet","Mrs Hanson"
"DF",2016-08-26,"Fadensonnen","Slit Walker"
"DF",2024-04-14,"The Ballistics","Chinese Jungle"
"DF",2024-08-25,"Natural Man Band","The Hammer"
"DF",2017-07-23,"Cube","Greased Air"
"DF",2025-02-17,"Cruelster","Terminal Windmill"
"DF",2025-11-28,"Paula Frazer","Is She Lonesome Now"
"DF",2017-03-26,"Dogs","19"
"DF",2016-06-20,"Saralee","Jealousy"
"DF",2019-05-03,"Egoslavia","Twist Face"
"DF",2016-06-14,"Big Balls &The Great White Idiot","Kick Her In The Dirt"
"DF",2015-12-30,"Vincent Over The Sink","I Found A Genie"
"DF",2025-11-28,"KAO4S","80 MPH"
"DF",2024-04-14,"Stephen Mallinder","Temperature Drop"
"DF",2025-11-28,"Brokenchord","Future Simple"
"DF",2018-05-27,"The Poles","Over and Beyond and Through"
"DF",2015-12-30,"High Bias","Killing Of Cats"
"DF",2016-06-20,"S.p.k.","A Heart That Breaks"
"DF",2016-06-14,"Cameras In Cars","The Author"
"DF",2023-11-24,"Mz. 412","Deklaration Of Holy War"
"DF",2018-01-05,"Pacific 231 & Dernier Du Cuite","Untitled 3"
"DF",2019-01-27,"Monokultur","ckel"
"DF",2016-05-30,"Youth Hostel","Leper Colony Reprise"
"DF",2020-01-06,"Stilluppsteypa","Miss Gloria"
"DF",2019-09-16,"Nordic Analysts","TooHeat"
"DF",2017-08-17,"Nothing Band","mrr"
"DF",2023-11-24,"Defenestration","Kill Kennedy Again"
"DF",2017-03-26,"Mark Dagley","Trrega Overdrive"
"DF",2016-06-14,"Mother Sunday","Midnight Graveyard"
"DF",2016-09-11,"Digital Dinosaurs","Army Green"
"DF",2019-05-03,"Brume","Block 4 E Dol"
"DF",2017-03-26,"Heavy Metal","Dingo Ate Your Baby"
"DF",2016-07-05,"Zoviet France","Mohnomishe C2"
"DF",2016-08-26,"The Pheromoans","Rock Pop Quarrel"
"DF",2016-06-14,"Randell","Kettingzaag"
"DF",2018-01-05,"The Apostles","Heavy Metal"
"DF",2022-06-29,"Perverts In White Shirts","Us Vs Us"
"DF",2021-05-21,"Memluks","Slope Intercept"
"DF",2016-07-05,"The Jesus Lizard","Skull Of A German"
"DF",2019-01-27,"Schiach","Ja Mei"
"DF",2024-08-25,"Crispy Newspaper","Future"
"DF",2016-08-26,"Mark Leckey","Dream English Kid 1964 1999Ad Part 2"
"DF",2017-03-26,"Simon Joyner & David Nance","100 Years Ago"
"DF",2022-06-29,"Man Sized Action","Pressure Relief"
"DF",2023-01-02,"Los Llamarada","Me And You And The Land"
"DF",2016-07-17,"Ad","Conspiracy"
"DF",2016-07-17,"Spacin'","Titchy"
"DF",2017-08-17,"USA/Mexico","Yard Of The Month"
"DF",2025-11-28,"Yautja","Path of Descent Denihilist"
"DF",2017-07-23,"B.D.","China Doll"
"DF",2017-08-17,"Rubber Mate","Cha Boi"
"DF",2022-06-29,"Cherubs","Little Barely Pieces"
"DF",2016-06-14,"Ectoplasm Girls","Before It Gets Too Late To Begin"
"DF",2024-04-14,"Stitch","Lies"
"DF",2016-06-14,"Deutschland Jerky Rave","Our Story"
"DF",2019-01-27,"The Mud Hutters","Page 41"
"DF",2018-01-05,"No Balls","Pacer"
"DF",2018-01-05,"Pete Swanson","Pro Style"
"DF",2021-05-21,"Ideas Beyond Filth","Norkabal"
"DF",2016-07-05,"Sick Dick & The Volkswagens","Flame Flows Down"
"DF",2017-01-29,"Multicult","Repeating Decimal Point Of Trauma"
"DF",2016-11-22,"Aventuras De Kirlian","Una Historia"
"DF",2019-05-03,"An Alarm","Bandwagon Song"
"DF",2025-02-17,"Pissed Jeans","Waves Of Fear"
"DF",2017-01-29,"Consolidated Plastics","Complain Today"
"DF",2015-11-29,"Geoff Leigh","Psychotropic Ganglions"
"DF",2018-05-27,"Chrome","AntiFade"
"DF",2018-01-05,"Missing Foundation","When Right Was Wrong"
"DF",2016-09-11,"Legendary Pink Dots","Apocalypse Soon"
"DF",2022-09-25,"God Is War","Plucking The Sun Out Of The Sky"
"DF",2021-05-21,"David Nance","Smart Patrol Mr Dna"
"DF",2022-09-25,"The Hamsters","Ole Spain"
"DF",2017-01-29,"Redemption Inc.","Le Souffle Coupe"
"DF",2019-09-16,"The Cool Greenhouse","Cardboard Man"
"DF",2016-11-22,"Quilt Boy","Love Letter To You"
"DF",2017-04-17,"Exploiting The Prophets","Davy Jones"
"DF",2016-07-05,"Bande Berne Crematoire","Jeddah"
"DF",2015-12-30,"Hunting Lodge","Sounds Like A Picture"
"DF",2016-07-05,"The Third Power","Gettin Together"
"DF",2020-01-06,"Strotter Inst. / Peter Vukmirovic Stevens","Les Articles De Fond Ne Remontent Jamais A La Surface"
"DF",2016-09-11,"N.r. Hills","The Boat Of Nailes"
"DF",2018-05-27,"Mammal","Death Ride Dream Sequence"
"DF",2016-11-22,"The Dance Asthmatics","Wicker"
"DF",2023-11-24,"The Honeymoon Killers","Ariane A Deep Space Romance"
"DF",2024-08-25,"Silvia Kastel","Spiderwebs"
"DF",2022-09-25,"Pedestrian Deposit","Arcadia"
"DF",2023-08-07,"Rock Feller","I See You"
"DF",2017-07-02,"B.c.o.","Fred Lematre"
"DF",2025-11-28,"Proof Of Utah","Bettys Pleasure"
"DF",2016-07-05,"Jason Crumer","Blood And Tahoe"
"DF",2023-11-24,"Jung Analysts","Jackie Charlton Said"
"DF",2016-11-22,"Rotterdans","Interference"
"DF",2017-07-16,"Philip Johnson","Ive Been"
"DF",2019-01-27,"Duchamp","Energy"
"DF",2017-01-29,"The Tapes","Industrial Party"
"DF",2022-09-25,"Oma","ExRaver"
"DF",2016-09-11,"Brume","Dead Green 12"
"DF",2016-01-10,"The Vacant Lot","Shes Really Dead"
"DF",2025-02-17,"The Lavender Flu","Side A"
"DF",2017-03-26,"Test Dept.","State Of Affairs"
"DF",2022-09-25,"David Nance","Waiting For The Last Call"
"DF",2016-08-26,"Blues Section","Hey Hey Hey"
"DF",2016-06-14,"David Nance Band","When I Saw You Last Night"
"DF",2019-01-27,"Crack Cloud","Philosophers Calling"
"DF",2019-01-27,"Spf","Beachcomber"
"DF",2016-07-05,"Lustmord","Untitled 2"
"DF",2019-05-03,"Alternative Tv","Radiator"
"DF",2021-05-21,"Perverts In White Shirts","Elanky"
"DF",2016-07-05,"Atomic Disease","The Real Sword"
"DF",2016-01-10,"5Ive Ximes Of Dust","Computer Garden"
"DF",2023-01-02,"Computer","Impending Doom"
"DF",2018-05-27,"Map 71","Cruise Night"
"DF",2017-07-16,"Access","Miss Constructed"
"DF",2019-05-03,"Storm Bugs","Make Customers Matter"
"DF",2017-07-16,"No Fun","Train Times"
"DF",2021-05-21,"Rock Boycott","Life Like"
"DF",2020-01-06,"Matt Johnson","Another Boy Drowning"
"DF",2022-06-29,"Tank Of Danzig","Brainwar"
"DF",2025-02-17,"Jim Shepard","Treenas Strobe Light Party"
"DF",2019-09-16,"The New Me","Les Dix Doigts"
"DF",2017-07-02,"Rhythmus Radikal","Jennifer"
"DF",2016-08-26,"Floating Di Morel","It Has Gone Well"
"DF",2021-05-21,"Lavender Flu","Barbarian Dust"
"DF",2017-07-16,"StrangerStill","Art Opening"
"DF",2017-08-17,"Pax","Pig Pen Boogie"
"DF",2017-03-26,"33.10.3402","Mecanica No 1"
"DF",2017-04-17,"Powell","Smut"
"DF",2022-06-29,"Surface Mutants","Train Dub"
"DF",2019-01-27,"Roter Stern Belgrad","Abend Stern Chant"
"DF",2025-02-17,"Heresie","Under Bridges Of Silence"
"DF",2023-01-02,"Die Verlierer","Nichts Funktioniert"
"DF",2017-07-23,"Mattin","Die Kloake der Gesellschaft"
"DF",2017-01-29,"Leif Elggren","Dasb8"
"DF",2025-11-28,"Kevin Drumm","Relief"
"DF",2017-01-29,"Mystery Plane","Graveyard In The Sky"
"DF",2018-01-05,"Pat Ruthensmear","XMas Song"
"DF",2017-01-29,"Submissions","Okht"
"DF",2017-03-26,"Bob Bucko Jr.","Ne End"
"DF",2023-08-07,"Violin Sect","Highdays Holidays"
"DF",2016-11-22,"Hogg","Solar Phallic Lion"
"DF",2022-09-25,"Slack","Side B"
"DF",2016-08-29,"Golden Path","Pulse"
"DF",2016-08-29,"Pbk & Wolf Eyes","Contaminated Strain"
"DF",2025-11-28,"The Lavender Flu","Thats Alright"
"DF",2016-07-05,"El Aviador Dro Y Sus Obreros Especializados","Anarqua En El Planeta"
"DF",2017-07-23,"Prod","Knife On Top"
"DF",2019-05-03,"Island","Super Woman"
"DF",2017-08-17,"Boo-Hooray","This Bag Of Bones"
"DF",2025-11-28,"Wir","Take It For Greedy"
"DF",2023-11-24,"Fantastic Palce","Crisscrossing Chrysanthemums"
"DF",2016-08-29,"Bgm","And"
"DF",2017-03-26,"Pissed Jeans","Im A Man"
"DF",2016-01-10,"Chinese Religion","Eden"
"DF",2018-05-27,"Anne-James Chaton & Andy Moor","Tout Ce Que Je Sais"
"DF",2017-01-29,"Angel","Exodus"
"DF",2017-08-17,"African Head Charge","Far Away Chant"
"DF",2023-11-24,"Doc Corbin Dart","Here For You Now"
"DF",2018-01-05,"Les Hopitaux","Tour De Cou"
"DF",2018-05-27,"Hide & Seek","Crying Child"
"DF",2017-07-16,"Yally","UEffO"
"DF",2017-07-02,"Niebiesko Czarny","Purple Hazy"
"DF",2019-05-03,"Mu","Metal To Metal"
"DF",2016-07-05,"The Fall","Slang King"
"DF",2019-05-03,"Eddie & The Subtitles","Zombie Drug Killers"
"DF",2016-07-17,"Running","Oooooo Oooooooo"
"DF",2016-09-11,"Your Heterosexual Violence","A Song From The Bottom Of The Heart"
"DF",2017-07-02,"Features","Victim"
"DF",2025-02-17,"Pedestrian Deposit","A Cold Harvest"
"DF",2020-01-06,"Dry-Rot","Can A Game Kill Time"
"DF",2017-07-16,"FNU Clone Inc.","I Hate ManShake The Hand"
"DF",2018-01-05,"The Sane","Arnold Palmer"
"DF",2017-01-29,"Angela Sawyer","Millicent Bell"
"DF",2015-12-30,"Motörhead","Damage Case"
"DF",2022-09-25,"The Cowboy","Galaxy Jam"
"DF",2023-11-24,"Dormannu","Powdered Lover"
"DF",2017-08-17,"Men/Eject","Draw"
"DF",2017-07-23,"Mark","Our Home And Heart Is In Berlin As We Believe In The Potentials Of The Local Creative Scene"
"DF",2022-06-29,"Mx-80 Sound","15 Laffs"
"DF",2022-06-29,"Terminal Cheesecake","Track 9"
"DF",2016-08-26,"Schimpfluch-Commune Int.","Schmetterlinge"
"DF",2016-07-05,"Autentisk Film","New Day"
"DF",2016-01-10,"Volcano The Bear","Ah Ah Ah AhUm Cha Check Elephant Bingo"
"DF",2016-07-17,"Techie Blood","Track 1"
"DF",2016-01-10,"Ron Morelli","Desert Ocean"
"DF",2017-01-29,"The Dagoes","Kids Got Style"
"DF",2022-06-29,"The Rebel","Mysteries Of Love"
"DF",2017-01-29,"Cube","Safe Word"
"DF",2023-11-24,"Witchfynde","Ready To Roll"
"DF",2021-05-21,"Staubsauger","Frhstck Fernsehen Schlafen"
"DF",2016-09-11,"Measly","Dont Have To Die"
"DF",2020-01-06,"An-I + Unhuman","Hate Thy Neighbor"
"DF",2016-09-11,"Andrew Mclellan","Beyond The Left"
"DF",2025-11-28,"Blood Flower","Durango"
"DF",2025-02-17,"Gem Fumigation Spa","Song Three"
"DF",2016-06-14,"Billy Bao","Debt The Crisis To Come"
"DF",2016-05-30,"Big Balls &The Great White Idiot","Damned Damned Life"
"DF",2016-08-29,"Container","Insulation"
"DF",2018-05-27,"Trash Monkeys","Trash Monkey Universe"
"DF",2016-07-05,"Dr. Universe","Incognitrous"
"DF",2021-05-21,"Scimmia","Kool Aid"
"DF",2019-01-27,"Bren't Lewiis Ensemble","The Heap"
"DF",2022-09-25,"Neon Rock Garden","Dont Say Baboon"
"DF",2016-07-05,"Houseplants","Chance Rolls"
"DF",2017-08-17,"Article 58","Reflection"
"DF",2023-08-07,"Worldbackwards","Time Lag Zero"
"DF",2016-09-11,"Paul H. Williams","Fallen To Earth Part Iii"
"DF",2021-05-21,"Birchville Cat Motel","Cranes Are Sleeping"
"DF",2015-12-30,"Bix Flent","Happy Birthday Behavior"
"DF",2016-08-29,"Mike Rep And The Quotas","Laugh Jackal Laugh"
"DF",2016-08-29,"Rubber Mate","Car Crash"
"DF",2017-08-17,"Das Wesen","Tanz der Raserei"
"DF",2016-01-10,"Rifle Sport","Bloodline"
"DF",2017-07-02,"Nurt","Pisz Kred Na Asfalcie"
"DF",2017-01-29,"La Sonorité Jaune","Patrick Mcgoohan Iii"
"DF",2017-08-17,"Wolf Eyes","011817"
"DF",2016-07-17,"Blurt","Beneath Discordant Skies"
"DF",2023-08-07,"Alternative Tv","Like A Tomb"
"DF",2022-06-29,"Elvin Brandhi","Imbred Waile Ocdc"
"DF",2018-01-05,"Shit & Shine","Angelforce00"
"DF",2017-03-26,"Pink Fairies","Say You Love Me"
"DF",2019-01-27,"Crispy Ambulance","The Presence"
"DF",2016-07-17,"Mecanica Popular","La Edad Del Bronce"
"DF",2025-11-28,"Corpses as Bedmates","Fur Man"
"DF",2017-01-29,"Ernest Gibson","Women I Know"
"DF",2017-07-16,"Morgan & Dilloway","43216"
"DF",2023-11-24,"Ndox Electrique","LK Ndau Mbay"
"DF",2023-08-07,"Buck Gooter","Consider The Grackles"
"DF",2024-08-25,"Some Noise","In Transit"
"DF",2019-01-27,"Beau Wanzer","Wick Hunny"
"DF",2017-03-26,"Tasjiil Moujahed","Chronique Organique"
"DF",2017-03-26,"Fetus Productions","Human Weakness"
"DF",2016-06-20,"Rathaus","Money Never Sleeps"
"DF",2023-01-02,"Mu","Honour The Independent"
"DF",2017-01-29,"Consolidated Plastics","At Fellowship Hotel Casino"
"DF",2020-01-06,"Mick Hobbs","Good Cement"
"DF",2023-01-02,"Severed Heads","Unbreakable"
"DF",2015-12-30,"No More","In A White Room"
"DF",2025-11-28,"Rat Henry","The Down and Out Cop"
"DF",2017-07-16,"Come On","Dont Walk On The Kitchen Floor"
"DF",2017-01-29,"Morse Code Transmission","Its Never Ever Easy To Do"
"DF",2017-08-17,"Terminal Cheesecake","Oily Bud"
"DF",2023-01-02,"It's Immaterial","A Gigantic Raft"
"DF",2017-04-17,"Pleasure Korps","Let Us Affix"
"DF",2023-01-02,"Hardware","French Boys"
"DF",2019-01-27,"Neues Deutschland","Graues Fleisch"
"DF",2020-01-06,"The Great Leap Forward","Propping Up The Nose Of The King"
"DF",2015-12-30,"Billy Bao","Side D"
"DF",2025-02-17,"The Invaders","Launderama"
"DF",2023-01-02,"Kjostad","Kabetogama"
"DF",2016-07-17,"Severed Heads","Mambo Fist Miasma"
"DF",2023-11-24,"Bongwater","Talent Is A Vampire"
"DF",2018-05-27,"HOGG","Eternal Hate Created"
"DF",2016-01-10,"Pedestrian Deposit","Blue Patina Arcadia"
"DF",2020-01-06,"Neutral","Punkt"
"DF",2015-12-30,"Consumer Electronics","Alien Existence"
